{
  "coef_0": {
    "p_value": 0.43442,
    "stat": 0.16514
  },
  "coef_1": {
    "p_value": 0.37059,
    "stat": 0.33029
  },
  "intercept": {
    "p_value": 0.56558,
    "stat": -0.16514
  }
}